name	realisation	netcdf	e3d_par	e3d_par_md5	emod3d_version	rlog_end
HikWgtnmax	/nesi/nobackup/nesi00213/RunFolder/Cybershake/v26p5/Runs/HikWgtnmax/HikWgtnmax	/nesi/nobackup/nesi00213/RunFolder/Cybershake/v26p5/Runs/HikWgtnmax_LF_from_Cascade/HikWgtnmax_seis.nc	/nesi/nobackup/nesi00213/RunFolder/Cybershake/v26p5/Runs/HikWgtnmax_LF_from_Cascade/e3d_par/HikWgtnmax_e3d.par	b019d57e0569bf46d127d26f70e93730	3.0.8-mpi	PROGRAM emod3d-mpi IS FINISHED
HikWgtnmax_REL01	/nesi/nobackup/nesi00213/RunFolder/Cybershake/v26p5/Runs/HikWgtnmax/HikWgtnmax_REL01	/nesi/nobackup/nesi00213/RunFolder/Cybershake/v26p5/Runs/HikWgtnmax_LF_from_Cascade/HikWgtnmax_REL01_seis.nc	/nesi/nobackup/nesi00213/RunFolder/Cybershake/v26p5/Runs/HikWgtnmax_LF_from_Cascade/e3d_par/HikWgtnmax_REL01_e3d.par	4bd9e0c5c04610aad463073ca2e47401	3.0.8-mpi	PROGRAM emod3d-mpi IS FINISHED
HikWgtnmax_REL02	/nesi/nobackup/nesi00213/RunFolder/Cybershake/v26p5/Runs/HikWgtnmax/HikWgtnmax_REL02	/nesi/nobackup/nesi00213/RunFolder/Cybershake/v26p5/Runs/HikWgtnmax_LF_from_Cascade/HikWgtnmax_REL02_seis.nc	/nesi/nobackup/nesi00213/RunFolder/Cybershake/v26p5/Runs/HikWgtnmax_LF_from_Cascade/e3d_par/HikWgtnmax_REL02_e3d.par	6e9aa0ee4b6a66f799cdfb943d0b5414	3.0.8-mpi	PROGRAM emod3d-mpi IS FINISHED
HikWgtnmax_REL03	/nesi/nobackup/nesi00213/RunFolder/Cybershake/v26p5/Runs/HikWgtnmax/HikWgtnmax_REL03	/nesi/nobackup/nesi00213/RunFolder/Cybershake/v26p5/Runs/HikWgtnmax_LF_from_Cascade/HikWgtnmax_REL03_seis.nc	/nesi/nobackup/nesi00213/RunFolder/Cybershake/v26p5/Runs/HikWgtnmax_LF_from_Cascade/e3d_par/HikWgtnmax_REL03_e3d.par	ea7466eac0a7babb5153c38bedd44c76	3.0.8-mpi	PROGRAM emod3d-mpi IS FINISHED
HikWgtnmax_REL04	/nesi/nobackup/nesi00213/RunFolder/Cybershake/v26p5/Runs/HikWgtnmax/HikWgtnmax_REL04	/nesi/nobackup/nesi00213/RunFolder/Cybershake/v26p5/Runs/HikWgtnmax_LF_from_Cascade/HikWgtnmax_REL04_seis.nc	/nesi/nobackup/nesi00213/RunFolder/Cybershake/v26p5/Runs/HikWgtnmax_LF_from_Cascade/e3d_par/HikWgtnmax_REL04_e3d.par	b76be2c01d8487c2fd4d09da27ed3a7e	3.0.8-mpi	PROGRAM emod3d-mpi IS FINISHED
HikWgtnmax_REL05	/nesi/nobackup/nesi00213/RunFolder/Cybershake/v26p5/Runs/HikWgtnmax/HikWgtnmax_REL05	/nesi/nobackup/nesi00213/RunFolder/Cybershake/v26p5/Runs/HikWgtnmax_LF_from_Cascade/HikWgtnmax_REL05_seis.nc	/nesi/nobackup/nesi00213/RunFolder/Cybershake/v26p5/Runs/HikWgtnmax_LF_from_Cascade/e3d_par/HikWgtnmax_REL05_e3d.par	05451de7377372dc11b30ea83f46dba1	3.0.8-mpi	PROGRAM emod3d-mpi IS FINISHED
HikWgtnmax_REL06	/nesi/nobackup/nesi00213/RunFolder/Cybershake/v26p5/Runs/HikWgtnmax/HikWgtnmax_REL06	/nesi/nobackup/nesi00213/RunFolder/Cybershake/v26p5/Runs/HikWgtnmax_LF_from_Cascade/HikWgtnmax_REL06_seis.nc	/nesi/nobackup/nesi00213/RunFolder/Cybershake/v26p5/Runs/HikWgtnmax_LF_from_Cascade/e3d_par/HikWgtnmax_REL06_e3d.par	1126294984c0bdaaa8fc0d4ab4a10ac1	3.0.8-mpi	PROGRAM emod3d-mpi IS FINISHED
HikWgtnmax_REL07	/nesi/nobackup/nesi00213/RunFolder/Cybershake/v26p5/Runs/HikWgtnmax/HikWgtnmax_REL07	/nesi/nobackup/nesi00213/RunFolder/Cybershake/v26p5/Runs/HikWgtnmax_LF_from_Cascade/HikWgtnmax_REL07_seis.nc	/nesi/nobackup/nesi00213/RunFolder/Cybershake/v26p5/Runs/HikWgtnmax_LF_from_Cascade/e3d_par/HikWgtnmax_REL07_e3d.par	51f14a245dfffd1c3375bbf73c458662	3.0.8-mpi	PROGRAM emod3d-mpi IS FINISHED
HikWgtnmax_REL08	/nesi/nobackup/nesi00213/RunFolder/Cybershake/v26p5/Runs/HikWgtnmax/HikWgtnmax_REL08	/nesi/nobackup/nesi00213/RunFolder/Cybershake/v26p5/Runs/HikWgtnmax_LF_from_Cascade/HikWgtnmax_REL08_seis.nc	/nesi/nobackup/nesi00213/RunFolder/Cybershake/v26p5/Runs/HikWgtnmax_LF_from_Cascade/e3d_par/HikWgtnmax_REL08_e3d.par	a6ba72580682eb97a27c1b56c503f043	3.0.8-mpi	PROGRAM emod3d-mpi IS FINISHED
HikWgtnmax_REL09	/nesi/nobackup/nesi00213/RunFolder/Cybershake/v26p5/Runs/HikWgtnmax/HikWgtnmax_REL09	/nesi/nobackup/nesi00213/RunFolder/Cybershake/v26p5/Runs/HikWgtnmax_LF_from_Cascade/HikWgtnmax_REL09_seis.nc	/nesi/nobackup/nesi00213/RunFolder/Cybershake/v26p5/Runs/HikWgtnmax_LF_from_Cascade/e3d_par/HikWgtnmax_REL09_e3d.par	48ec72f0ff79fe0214a2edd4ca05bf6c	3.0.8-mpi	PROGRAM emod3d-mpi IS FINISHED
HikWgtnmax_REL10	/nesi/nobackup/nesi00213/RunFolder/Cybershake/v26p5/Runs/HikWgtnmax/HikWgtnmax_REL10	/nesi/nobackup/nesi00213/RunFolder/Cybershake/v26p5/Runs/HikWgtnmax_LF_from_Cascade/HikWgtnmax_REL10_seis.nc	/nesi/nobackup/nesi00213/RunFolder/Cybershake/v26p5/Runs/HikWgtnmax_LF_from_Cascade/e3d_par/HikWgtnmax_REL10_e3d.par	e3d36f82d60c62f4c073a7362b778bd4	3.0.8-mpi	PROGRAM emod3d-mpi IS FINISHED
HikWgtnmax_REL11	/nesi/nobackup/nesi00213/RunFolder/Cybershake/v26p5/Runs/HikWgtnmax/HikWgtnmax_REL11	/nesi/nobackup/nesi00213/RunFolder/Cybershake/v26p5/Runs/HikWgtnmax_LF_from_Cascade/HikWgtnmax_REL11_seis.nc	/nesi/nobackup/nesi00213/RunFolder/Cybershake/v26p5/Runs/HikWgtnmax_LF_from_Cascade/e3d_par/HikWgtnmax_REL11_e3d.par	237e8c1b01497cde988ddfe9443f554c	3.0.8-mpi	PROGRAM emod3d-mpi IS FINISHED
HikWgtnmax_REL12	/nesi/nobackup/nesi00213/RunFolder/Cybershake/v26p5/Runs/HikWgtnmax/HikWgtnmax_REL12	/nesi/nobackup/nesi00213/RunFolder/Cybershake/v26p5/Runs/HikWgtnmax_LF_from_Cascade/HikWgtnmax_REL12_seis.nc	/nesi/nobackup/nesi00213/RunFolder/Cybershake/v26p5/Runs/HikWgtnmax_LF_from_Cascade/e3d_par/HikWgtnmax_REL12_e3d.par	f9e79ef95710ed3ec1bac9f21fd7349e	3.0.8-mpi	PROGRAM emod3d-mpi IS FINISHED
HikWgtnmax_REL13	/nesi/nobackup/nesi00213/RunFolder/Cybershake/v26p5/Runs/HikWgtnmax/HikWgtnmax_REL13	/nesi/nobackup/nesi00213/RunFolder/Cybershake/v26p5/Runs/HikWgtnmax_LF_from_Cascade/HikWgtnmax_REL13_seis.nc	/nesi/nobackup/nesi00213/RunFolder/Cybershake/v26p5/Runs/HikWgtnmax_LF_from_Cascade/e3d_par/HikWgtnmax_REL13_e3d.par	ebd9544edd3155631ac36dc6c847f8d3	3.0.8-mpi	PROGRAM emod3d-mpi IS FINISHED
HikWgtnmax_REL14	/nesi/nobackup/nesi00213/RunFolder/Cybershake/v26p5/Runs/HikWgtnmax/HikWgtnmax_REL14	/nesi/nobackup/nesi00213/RunFolder/Cybershake/v26p5/Runs/HikWgtnmax_LF_from_Cascade/HikWgtnmax_REL14_seis.nc	/nesi/nobackup/nesi00213/RunFolder/Cybershake/v26p5/Runs/HikWgtnmax_LF_from_Cascade/e3d_par/HikWgtnmax_REL14_e3d.par	ca180da8f1b3448e7aacdf0c6833d71d	3.0.8-mpi	PROGRAM emod3d-mpi IS FINISHED
HikWgtnmax_REL15	/nesi/nobackup/nesi00213/RunFolder/Cybershake/v26p5/Runs/HikWgtnmax/HikWgtnmax_REL15	/nesi/nobackup/nesi00213/RunFolder/Cybershake/v26p5/Runs/HikWgtnmax_LF_from_Cascade/HikWgtnmax_REL15_seis.nc	/nesi/nobackup/nesi00213/RunFolder/Cybershake/v26p5/Runs/HikWgtnmax_LF_from_Cascade/e3d_par/HikWgtnmax_REL15_e3d.par	8021eb7802f88da6bbbf46d6095e5a27	3.0.8-mpi	PROGRAM emod3d-mpi IS FINISHED
HikWgtnmax_REL16	/nesi/nobackup/nesi00213/RunFolder/Cybershake/v26p5/Runs/HikWgtnmax/HikWgtnmax_REL16	/nesi/nobackup/nesi00213/RunFolder/Cybershake/v26p5/Runs/HikWgtnmax_LF_from_Cascade/HikWgtnmax_REL16_seis.nc	/nesi/nobackup/nesi00213/RunFolder/Cybershake/v26p5/Runs/HikWgtnmax_LF_from_Cascade/e3d_par/HikWgtnmax_REL16_e3d.par	c6f48c0423b2c956ee8752e840e6f936	3.0.8-mpi	PROGRAM emod3d-mpi IS FINISHED
HikWgtnmax_REL17	/nesi/nobackup/nesi00213/RunFolder/Cybershake/v26p5/Runs/HikWgtnmax/HikWgtnmax_REL17	/nesi/nobackup/nesi00213/RunFolder/Cybershake/v26p5/Runs/HikWgtnmax_LF_from_Cascade/HikWgtnmax_REL17_seis.nc	/nesi/nobackup/nesi00213/RunFolder/Cybershake/v26p5/Runs/HikWgtnmax_LF_from_Cascade/e3d_par/HikWgtnmax_REL17_e3d.par	b224cbe547e3277e27a7b6c1f60b944b	3.0.8-mpi	PROGRAM emod3d-mpi IS FINISHED
HikWgtnmax_REL18	/nesi/nobackup/nesi00213/RunFolder/Cybershake/v26p5/Runs/HikWgtnmax/HikWgtnmax_REL18	/nesi/nobackup/nesi00213/RunFolder/Cybershake/v26p5/Runs/HikWgtnmax_LF_from_Cascade/HikWgtnmax_REL18_seis.nc	/nesi/nobackup/nesi00213/RunFolder/Cybershake/v26p5/Runs/HikWgtnmax_LF_from_Cascade/e3d_par/HikWgtnmax_REL18_e3d.par	6bf1eede3c0b97a0d83bb6f9d8b47ffe	3.0.8-mpi	PROGRAM emod3d-mpi IS FINISHED
HikWgtnmax_REL19	/nesi/nobackup/nesi00213/RunFolder/Cybershake/v26p5/Runs/HikWgtnmax/HikWgtnmax_REL19	/nesi/nobackup/nesi00213/RunFolder/Cybershake/v26p5/Runs/HikWgtnmax_LF_from_Cascade/HikWgtnmax_REL19_seis.nc	/nesi/nobackup/nesi00213/RunFolder/Cybershake/v26p5/Runs/HikWgtnmax_LF_from_Cascade/e3d_par/HikWgtnmax_REL19_e3d.par	2aadf213a2d34f64ac14d028ce7fe89e	3.0.8-mpi	PROGRAM emod3d-mpi IS FINISHED
HikWgtnmax_REL20	/nesi/nobackup/nesi00213/RunFolder/Cybershake/v26p5/Runs/HikWgtnmax/HikWgtnmax_REL20	/nesi/nobackup/nesi00213/RunFolder/Cybershake/v26p5/Runs/HikWgtnmax_LF_from_Cascade/HikWgtnmax_REL20_seis.nc	/nesi/nobackup/nesi00213/RunFolder/Cybershake/v26p5/Runs/HikWgtnmax_LF_from_Cascade/e3d_par/HikWgtnmax_REL20_e3d.par	55c53d79f95c0be9489358fb7ae6b66a	3.0.8-mpi	PROGRAM emod3d-mpi IS FINISHED
HikWgtnmax_REL21	/nesi/nobackup/nesi00213/RunFolder/Cybershake/v26p5/Runs/HikWgtnmax/HikWgtnmax_REL21	/nesi/nobackup/nesi00213/RunFolder/Cybershake/v26p5/Runs/HikWgtnmax_LF_from_Cascade/HikWgtnmax_REL21_seis.nc	/nesi/nobackup/nesi00213/RunFolder/Cybershake/v26p5/Runs/HikWgtnmax_LF_from_Cascade/e3d_par/HikWgtnmax_REL21_e3d.par	c5ac305d7f6c677c51c2d36cdbd7ed2a	3.0.8-mpi	PROGRAM emod3d-mpi IS FINISHED
HikWgtnmax_REL22	/nesi/nobackup/nesi00213/RunFolder/Cybershake/v26p5/Runs/HikWgtnmax/HikWgtnmax_REL22	/nesi/nobackup/nesi00213/RunFolder/Cybershake/v26p5/Runs/HikWgtnmax_LF_from_Cascade/HikWgtnmax_REL22_seis.nc	/nesi/nobackup/nesi00213/RunFolder/Cybershake/v26p5/Runs/HikWgtnmax_LF_from_Cascade/e3d_par/HikWgtnmax_REL22_e3d.par	d8d03194f7ac7c6b4805c2e2ec9ca686	3.0.8-mpi	PROGRAM emod3d-mpi IS FINISHED
HikWgtnmax_REL23	/nesi/nobackup/nesi00213/RunFolder/Cybershake/v26p5/Runs/HikWgtnmax/HikWgtnmax_REL23	/nesi/nobackup/nesi00213/RunFolder/Cybershake/v26p5/Runs/HikWgtnmax_LF_from_Cascade/HikWgtnmax_REL23_seis.nc	/nesi/nobackup/nesi00213/RunFolder/Cybershake/v26p5/Runs/HikWgtnmax_LF_from_Cascade/e3d_par/HikWgtnmax_REL23_e3d.par	3861a18b24089d1574990be13585cf67	3.0.8-mpi	PROGRAM emod3d-mpi IS FINISHED
HikWgtnmax_REL24	/nesi/nobackup/nesi00213/RunFolder/Cybershake/v26p5/Runs/HikWgtnmax/HikWgtnmax_REL24	/nesi/nobackup/nesi00213/RunFolder/Cybershake/v26p5/Runs/HikWgtnmax_LF_from_Cascade/HikWgtnmax_REL24_seis.nc	/nesi/nobackup/nesi00213/RunFolder/Cybershake/v26p5/Runs/HikWgtnmax_LF_from_Cascade/e3d_par/HikWgtnmax_REL24_e3d.par	154e8e60bc54e861d550029a72d827ab	3.0.8-mpi	PROGRAM emod3d-mpi IS FINISHED
HikWgtnmax_REL25	/nesi/nobackup/nesi00213/RunFolder/Cybershake/v26p5/Runs/HikWgtnmax/HikWgtnmax_REL25	/nesi/nobackup/nesi00213/RunFolder/Cybershake/v26p5/Runs/HikWgtnmax_LF_from_Cascade/HikWgtnmax_REL25_seis.nc	/nesi/nobackup/nesi00213/RunFolder/Cybershake/v26p5/Runs/HikWgtnmax_LF_from_Cascade/e3d_par/HikWgtnmax_REL25_e3d.par	84bdf51458cce5ab2766dceffbb18305	3.0.8-mpi	PROGRAM emod3d-mpi IS FINISHED
HikWgtnmax_REL26	/nesi/nobackup/nesi00213/RunFolder/Cybershake/v26p5/Runs/HikWgtnmax/HikWgtnmax_REL26	/nesi/nobackup/nesi00213/RunFolder/Cybershake/v26p5/Runs/HikWgtnmax_LF_from_Cascade/HikWgtnmax_REL26_seis.nc	/nesi/nobackup/nesi00213/RunFolder/Cybershake/v26p5/Runs/HikWgtnmax_LF_from_Cascade/e3d_par/HikWgtnmax_REL26_e3d.par	cec629017f6a557c36560e2a8ab7de48	3.0.8-mpi	PROGRAM emod3d-mpi IS FINISHED
HikWgtnmax_REL27	/nesi/nobackup/nesi00213/RunFolder/Cybershake/v26p5/Runs/HikWgtnmax/HikWgtnmax_REL27	/nesi/nobackup/nesi00213/RunFolder/Cybershake/v26p5/Runs/HikWgtnmax_LF_from_Cascade/HikWgtnmax_REL27_seis.nc	/nesi/nobackup/nesi00213/RunFolder/Cybershake/v26p5/Runs/HikWgtnmax_LF_from_Cascade/e3d_par/HikWgtnmax_REL27_e3d.par	a265458ac19e67e48e500217d4d64cf7	3.0.8-mpi	PROGRAM emod3d-mpi IS FINISHED
HikWgtnmax_REL28	/nesi/nobackup/nesi00213/RunFolder/Cybershake/v26p5/Runs/HikWgtnmax/HikWgtnmax_REL28	/nesi/nobackup/nesi00213/RunFolder/Cybershake/v26p5/Runs/HikWgtnmax_LF_from_Cascade/HikWgtnmax_REL28_seis.nc	/nesi/nobackup/nesi00213/RunFolder/Cybershake/v26p5/Runs/HikWgtnmax_LF_from_Cascade/e3d_par/HikWgtnmax_REL28_e3d.par	ffaab3ee807823adced19fc957953b76	3.0.8-mpi	PROGRAM emod3d-mpi IS FINISHED
HikWgtnmax_REL29	/nesi/nobackup/nesi00213/RunFolder/Cybershake/v26p5/Runs/HikWgtnmax/HikWgtnmax_REL29	/nesi/nobackup/nesi00213/RunFolder/Cybershake/v26p5/Runs/HikWgtnmax_LF_from_Cascade/HikWgtnmax_REL29_seis.nc	/nesi/nobackup/nesi00213/RunFolder/Cybershake/v26p5/Runs/HikWgtnmax_LF_from_Cascade/e3d_par/HikWgtnmax_REL29_e3d.par	93885cbeb221c85ccf41619bc30e1165	3.0.8-mpi	PROGRAM emod3d-mpi IS FINISHED
HikWgtnmax_REL30	/nesi/nobackup/nesi00213/RunFolder/Cybershake/v26p5/Runs/HikWgtnmax/HikWgtnmax_REL30	/nesi/nobackup/nesi00213/RunFolder/Cybershake/v26p5/Runs/HikWgtnmax_LF_from_Cascade/HikWgtnmax_REL30_seis.nc	/nesi/nobackup/nesi00213/RunFolder/Cybershake/v26p5/Runs/HikWgtnmax_LF_from_Cascade/e3d_par/HikWgtnmax_REL30_e3d.par	721c27d993961d2dcf69b0f61b5a7c37	3.0.8-mpi	PROGRAM emod3d-mpi IS FINISHED
HikWgtnmax_REL31	/nesi/nobackup/nesi00213/RunFolder/Cybershake/v26p5/Runs/HikWgtnmax/HikWgtnmax_REL31	/nesi/nobackup/nesi00213/RunFolder/Cybershake/v26p5/Runs/HikWgtnmax_LF_from_Cascade/HikWgtnmax_REL31_seis.nc	/nesi/nobackup/nesi00213/RunFolder/Cybershake/v26p5/Runs/HikWgtnmax_LF_from_Cascade/e3d_par/HikWgtnmax_REL31_e3d.par	99237399fba6bf97369db5bd84a2d54a	3.0.8-mpi	PROGRAM emod3d-mpi IS FINISHED
HikWgtnmax_REL32	/nesi/nobackup/nesi00213/RunFolder/Cybershake/v26p5/Runs/HikWgtnmax/HikWgtnmax_REL32	/nesi/nobackup/nesi00213/RunFolder/Cybershake/v26p5/Runs/HikWgtnmax_LF_from_Cascade/HikWgtnmax_REL32_seis.nc	/nesi/nobackup/nesi00213/RunFolder/Cybershake/v26p5/Runs/HikWgtnmax_LF_from_Cascade/e3d_par/HikWgtnmax_REL32_e3d.par	e249e158c48df23bc8984a0b492e2609	3.0.8-mpi	PROGRAM emod3d-mpi IS FINISHED
HikWgtnmax_REL33	/nesi/nobackup/nesi00213/RunFolder/Cybershake/v26p5/Runs/HikWgtnmax/HikWgtnmax_REL33	/nesi/nobackup/nesi00213/RunFolder/Cybershake/v26p5/Runs/HikWgtnmax_LF_from_Cascade/HikWgtnmax_REL33_seis.nc	/nesi/nobackup/nesi00213/RunFolder/Cybershake/v26p5/Runs/HikWgtnmax_LF_from_Cascade/e3d_par/HikWgtnmax_REL33_e3d.par	1df00070e0025e9e9341612a4c43f283	3.0.8-mpi	PROGRAM emod3d-mpi IS FINISHED
HikWgtnmax_REL34	/nesi/nobackup/nesi00213/RunFolder/Cybershake/v26p5/Runs/HikWgtnmax/HikWgtnmax_REL34	/nesi/nobackup/nesi00213/RunFolder/Cybershake/v26p5/Runs/HikWgtnmax_LF_from_Cascade/HikWgtnmax_REL34_seis.nc	/nesi/nobackup/nesi00213/RunFolder/Cybershake/v26p5/Runs/HikWgtnmax_LF_from_Cascade/e3d_par/HikWgtnmax_REL34_e3d.par	f8dbf07df41fbe5cd8d6623f2781dfc4	3.0.8-mpi	PROGRAM emod3d-mpi IS FINISHED
HikWgtnmax_REL35	/nesi/nobackup/nesi00213/RunFolder/Cybershake/v26p5/Runs/HikWgtnmax/HikWgtnmax_REL35	/nesi/nobackup/nesi00213/RunFolder/Cybershake/v26p5/Runs/HikWgtnmax_LF_from_Cascade/HikWgtnmax_REL35_seis.nc	/nesi/nobackup/nesi00213/RunFolder/Cybershake/v26p5/Runs/HikWgtnmax_LF_from_Cascade/e3d_par/HikWgtnmax_REL35_e3d.par	bab3fb014947c0acc8c7f71fc3fff2d6	3.0.8-mpi	PROGRAM emod3d-mpi IS FINISHED
HikWgtnmax_REL36	/nesi/nobackup/nesi00213/RunFolder/Cybershake/v26p5/Runs/HikWgtnmax/HikWgtnmax_REL36	/nesi/nobackup/nesi00213/RunFolder/Cybershake/v26p5/Runs/HikWgtnmax_LF_from_Cascade/HikWgtnmax_REL36_seis.nc	/nesi/nobackup/nesi00213/RunFolder/Cybershake/v26p5/Runs/HikWgtnmax_LF_from_Cascade/e3d_par/HikWgtnmax_REL36_e3d.par	5c504ab748e37388dbc353c13fdf0933	3.0.8-mpi	PROGRAM emod3d-mpi IS FINISHED
HikWgtnmax_REL37	/nesi/nobackup/nesi00213/RunFolder/Cybershake/v26p5/Runs/HikWgtnmax/HikWgtnmax_REL37	/nesi/nobackup/nesi00213/RunFolder/Cybershake/v26p5/Runs/HikWgtnmax_LF_from_Cascade/HikWgtnmax_REL37_seis.nc	/nesi/nobackup/nesi00213/RunFolder/Cybershake/v26p5/Runs/HikWgtnmax_LF_from_Cascade/e3d_par/HikWgtnmax_REL37_e3d.par	66ca754ddd8767e4ae4047c347454965	3.0.8-mpi	PROGRAM emod3d-mpi IS FINISHED
HikWgtnmax_REL38	/nesi/nobackup/nesi00213/RunFolder/Cybershake/v26p5/Runs/HikWgtnmax/HikWgtnmax_REL38	/nesi/nobackup/nesi00213/RunFolder/Cybershake/v26p5/Runs/HikWgtnmax_LF_from_Cascade/HikWgtnmax_REL38_seis.nc	/nesi/nobackup/nesi00213/RunFolder/Cybershake/v26p5/Runs/HikWgtnmax_LF_from_Cascade/e3d_par/HikWgtnmax_REL38_e3d.par	846fbbfbbc48004b2813474bc487076d	3.0.8-mpi	PROGRAM emod3d-mpi IS FINISHED
HikWgtnmax_REL39	/nesi/nobackup/nesi00213/RunFolder/Cybershake/v26p5/Runs/HikWgtnmax/HikWgtnmax_REL39	/nesi/nobackup/nesi00213/RunFolder/Cybershake/v26p5/Runs/HikWgtnmax_LF_from_Cascade/HikWgtnmax_REL39_seis.nc	/nesi/nobackup/nesi00213/RunFolder/Cybershake/v26p5/Runs/HikWgtnmax_LF_from_Cascade/e3d_par/HikWgtnmax_REL39_e3d.par	916e9d12723ab83ddf25cfd5037ed1f3	3.0.8-mpi	PROGRAM emod3d-mpi IS FINISHED
HikWgtnmax_REL40	/nesi/nobackup/nesi00213/RunFolder/Cybershake/v26p5/Runs/HikWgtnmax/HikWgtnmax_REL40	/nesi/nobackup/nesi00213/RunFolder/Cybershake/v26p5/Runs/HikWgtnmax_LF_from_Cascade/HikWgtnmax_REL40_seis.nc	/nesi/nobackup/nesi00213/RunFolder/Cybershake/v26p5/Runs/HikWgtnmax_LF_from_Cascade/e3d_par/HikWgtnmax_REL40_e3d.par	96c6d00d867bb6e30ca0d5617d4a2c55	3.0.8-mpi	PROGRAM emod3d-mpi IS FINISHED
HikWgtnmax_REL41	/nesi/nobackup/nesi00213/RunFolder/Cybershake/v26p5/Runs/HikWgtnmax/HikWgtnmax_REL41	/nesi/nobackup/nesi00213/RunFolder/Cybershake/v26p5/Runs/HikWgtnmax_LF_from_Cascade/HikWgtnmax_REL41_seis.nc	/nesi/nobackup/nesi00213/RunFolder/Cybershake/v26p5/Runs/HikWgtnmax_LF_from_Cascade/e3d_par/HikWgtnmax_REL41_e3d.par	b4c48b6352b2e7997fe65529b0bc51ec	3.0.8-mpi	PROGRAM emod3d-mpi IS FINISHED
HikWgtnmax_REL42	/nesi/nobackup/nesi00213/RunFolder/Cybershake/v26p5/Runs/HikWgtnmax/HikWgtnmax_REL42	/nesi/nobackup/nesi00213/RunFolder/Cybershake/v26p5/Runs/HikWgtnmax_LF_from_Cascade/HikWgtnmax_REL42_seis.nc	/nesi/nobackup/nesi00213/RunFolder/Cybershake/v26p5/Runs/HikWgtnmax_LF_from_Cascade/e3d_par/HikWgtnmax_REL42_e3d.par	2d48bd699ad2602a76e2716129659686	3.0.8-mpi	PROGRAM emod3d-mpi IS FINISHED
HikWgtnmax_REL43	/nesi/nobackup/nesi00213/RunFolder/Cybershake/v26p5/Runs/HikWgtnmax/HikWgtnmax_REL43	/nesi/nobackup/nesi00213/RunFolder/Cybershake/v26p5/Runs/HikWgtnmax_LF_from_Cascade/HikWgtnmax_REL43_seis.nc	/nesi/nobackup/nesi00213/RunFolder/Cybershake/v26p5/Runs/HikWgtnmax_LF_from_Cascade/e3d_par/HikWgtnmax_REL43_e3d.par	37c7ae30086669b1582006724beeeac7	3.0.8-mpi	PROGRAM emod3d-mpi IS FINISHED
HikWgtnmax_REL44	/nesi/nobackup/nesi00213/RunFolder/Cybershake/v26p5/Runs/HikWgtnmax/HikWgtnmax_REL44	/nesi/nobackup/nesi00213/RunFolder/Cybershake/v26p5/Runs/HikWgtnmax_LF_from_Cascade/HikWgtnmax_REL44_seis.nc	/nesi/nobackup/nesi00213/RunFolder/Cybershake/v26p5/Runs/HikWgtnmax_LF_from_Cascade/e3d_par/HikWgtnmax_REL44_e3d.par	3c9b32c38181a5e906b111aa30ae958f	3.0.8-mpi	PROGRAM emod3d-mpi IS FINISHED
HikWgtnmax_REL45	/nesi/nobackup/nesi00213/RunFolder/Cybershake/v26p5/Runs/HikWgtnmax/HikWgtnmax_REL45	/nesi/nobackup/nesi00213/RunFolder/Cybershake/v26p5/Runs/HikWgtnmax_LF_from_Cascade/HikWgtnmax_REL45_seis.nc	/nesi/nobackup/nesi00213/RunFolder/Cybershake/v26p5/Runs/HikWgtnmax_LF_from_Cascade/e3d_par/HikWgtnmax_REL45_e3d.par	f4f46134059ac5c9b78a6aeb07f14a15	3.0.8-mpi	PROGRAM emod3d-mpi IS FINISHED
HikWgtnmax_REL46	/nesi/nobackup/nesi00213/RunFolder/Cybershake/v26p5/Runs/HikWgtnmax/HikWgtnmax_REL46	/nesi/nobackup/nesi00213/RunFolder/Cybershake/v26p5/Runs/HikWgtnmax_LF_from_Cascade/HikWgtnmax_REL46_seis.nc	/nesi/nobackup/nesi00213/RunFolder/Cybershake/v26p5/Runs/HikWgtnmax_LF_from_Cascade/e3d_par/HikWgtnmax_REL46_e3d.par	c43686d0f16bbb92cc92c2b285a885ec	3.0.8-mpi	PROGRAM emod3d-mpi IS FINISHED
HikWgtnmax_REL47	/nesi/nobackup/nesi00213/RunFolder/Cybershake/v26p5/Runs/HikWgtnmax/HikWgtnmax_REL47	/nesi/nobackup/nesi00213/RunFolder/Cybershake/v26p5/Runs/HikWgtnmax_LF_from_Cascade/HikWgtnmax_REL47_seis.nc	/nesi/nobackup/nesi00213/RunFolder/Cybershake/v26p5/Runs/HikWgtnmax_LF_from_Cascade/e3d_par/HikWgtnmax_REL47_e3d.par	096ec717e7cff0ca4e8f9d64ce79352e	3.0.8-mpi	PROGRAM emod3d-mpi IS FINISHED
HikWgtnmax_REL48	/nesi/nobackup/nesi00213/RunFolder/Cybershake/v26p5/Runs/HikWgtnmax/HikWgtnmax_REL48	/nesi/nobackup/nesi00213/RunFolder/Cybershake/v26p5/Runs/HikWgtnmax_LF_from_Cascade/HikWgtnmax_REL48_seis.nc	/nesi/nobackup/nesi00213/RunFolder/Cybershake/v26p5/Runs/HikWgtnmax_LF_from_Cascade/e3d_par/HikWgtnmax_REL48_e3d.par	18cde2ada57d620bb8cc760135331708	3.0.8-mpi	PROGRAM emod3d-mpi IS FINISHED
HikWgtnmax_REL49	/nesi/nobackup/nesi00213/RunFolder/Cybershake/v26p5/Runs/HikWgtnmax/HikWgtnmax_REL49	/nesi/nobackup/nesi00213/RunFolder/Cybershake/v26p5/Runs/HikWgtnmax_LF_from_Cascade/HikWgtnmax_REL49_seis.nc	/nesi/nobackup/nesi00213/RunFolder/Cybershake/v26p5/Runs/HikWgtnmax_LF_from_Cascade/e3d_par/HikWgtnmax_REL49_e3d.par	cd3481007687af13dc174b9bd3f24cd2	3.0.8-mpi	PROGRAM emod3d-mpi IS FINISHED
HikWgtnmax_REL50	/nesi/nobackup/nesi00213/RunFolder/Cybershake/v26p5/Runs/HikWgtnmax/HikWgtnmax_REL50	/nesi/nobackup/nesi00213/RunFolder/Cybershake/v26p5/Runs/HikWgtnmax_LF_from_Cascade/HikWgtnmax_REL50_seis.nc	/nesi/nobackup/nesi00213/RunFolder/Cybershake/v26p5/Runs/HikWgtnmax_LF_from_Cascade/e3d_par/HikWgtnmax_REL50_e3d.par	b265aa59718d425e4802e5e40148d322	3.0.8-mpi	PROGRAM emod3d-mpi IS FINISHED
